Cuenta;URL_imagen;URL_tweet;Cuenta_verificada;Fechaantigua_imagen;Fechareciente_imagen;Fecha_tweet;Diferencia_dia_antiguo;Diferencia_dia_reciente;Scoring
Cuenta: CNN; Imagen buscada: https://pbs.twimg.com/media/D_i2U1vX4AEt6Bi.jpg;URL del tweet: https://twitter.com/CNN/status/1150870176038117377;Cuenta verificada: Cuenta verificada;La fecha mas antigua de la imagen es: 2001-01-01;La fecha mas reciente de la imagen es: 2019-07-03;La fecha del tweet es: 2019-07-15;Hay 6768 dias de diferencia respecto a la fecha mas antigua;Hay 12 dias de diferencia respecto a la fecha mas reciente;La imagen es falsa con un porcentaje de un 10 %
Cuenta: CNN; Imagen buscada: https://pbs.twimg.com/media/D_iJ2cbWsAAkgcs.jpg;URL del tweet: https://twitter.com/CNN/status/1150821284475023360;Cuenta verificada: Cuenta verificada;La fecha mas antigua de la imagen es: 2001-01-01;La fecha mas reciente de la imagen es: 2019-07-11;La fecha del tweet es: 2019-07-15;Hay 6768 dias de diferencia respecto a la fecha mas antigua;Hay 4 dias de diferencia respecto a la fecha mas reciente;La imagen es falsa con un porcentaje de un 10 %
Cuenta: CNN; Imagen buscada: https://pbs.twimg.com/media/D_hwVAGWsAE_iaL.jpg;URL del tweet: https://twitter.com/CNN/status/1150793213764132866;Cuenta verificada: Cuenta verificada;La fecha mas antigua de la imagen es: 2012-02-14;La fecha mas reciente de la imagen es: 2019-07-04;La fecha del tweet es: 2019-07-15;Hay 2707 dias de diferencia respecto a la fecha mas antigua;Hay 11 dias de diferencia respecto a la fecha mas reciente;La imagen es falsa con un porcentaje de un 10 %
Cuenta: CNN; Imagen buscada: https://pbs.twimg.com/media/D_hf0w3XsAAsLWF.jpg;URL del tweet: https://twitter.com/CNN/status/1150775076725428226;Cuenta verificada: Cuenta verificada;La fecha mas antigua de la imagen es: 2001-01-01;La fecha mas reciente de la imagen es: 2019-07-11;La fecha del tweet es: 2019-07-15;Hay 6768 dias de diferencia respecto a la fecha mas antigua;Hay 4 dias de diferencia respecto a la fecha mas reciente;La imagen es falsa con un porcentaje de un 10 %
Cuenta: CNN; Imagen buscada: https://pbs.twimg.com/media/D_goubrXUAAeNvR.jpg;URL del tweet: https://twitter.com/CNN/status/1150714484635439104;Cuenta verificada: Cuenta verificada;La fecha mas antigua de la imagen es: 2011-06-02;La fecha mas reciente de la imagen es: 2019-07-04;La fecha del tweet es: 2019-07-15;Hay 2965 dias de diferencia respecto a la fecha mas antigua;Hay 11 dias de diferencia respecto a la fecha mas reciente;La imagen es falsa con un porcentaje de un 10 %
Cuenta: CNN; Imagen buscada: https://pbs.twimg.com/media/D_glKmBXkAIo9pO.jpg;URL del tweet: https://twitter.com/CNN/status/1150710570284437504;Cuenta verificada: Cuenta verificada;La fecha mas antigua de la imagen es: 2001-01-01;La fecha mas reciente de la imagen es: 2019-07-05;La fecha del tweet es: 2019-07-15;Hay 6768 dias de diferencia respecto a la fecha mas antigua;Hay 10 dias de diferencia respecto a la fecha mas reciente;La imagen es falsa con un porcentaje de un 30 %
Cuenta: CNN; Imagen buscada: https://pbs.twimg.com/media/D_gjKtxX4AYxjFT.jpg;URL del tweet: https://twitter.com/CNN/status/1150708373572259840;Cuenta verificada: Cuenta verificada;La fecha mas antigua de la imagen es: 2012-02-14;La fecha mas reciente de la imagen es: 2019-07-04;La fecha del tweet es: 2019-07-15;Hay 2707 dias de diferencia respecto a la fecha mas antigua;Hay 11 dias de diferencia respecto a la fecha mas reciente;La imagen es falsa con un porcentaje de un 10 %
Cuenta: CNN; Imagen buscada: https://pbs.twimg.com/media/D_gbvIOWwAA_FDE.jpg;URL del tweet: https://twitter.com/CNN/status/1150700211381182464;Cuenta verificada: Cuenta verificada;La fecha mas antigua de la imagen es: 2001-01-01;La fecha mas reciente de la imagen es: 2019-07-11;La fecha del tweet es: 2019-07-15;Hay 6768 dias de diferencia respecto a la fecha mas antigua;Hay 4 dias de diferencia respecto a la fecha mas reciente;La imagen es falsa con un porcentaje de un 10 %
Cuenta: CNN; Imagen buscada: https://pbs.twimg.com/media/D_gTo7bXsAIzV8t.jpg;URL del tweet: https://twitter.com/CNN/status/1150691300196462592;Cuenta verificada: Cuenta verificada;La fecha mas antigua de la imagen es: 2013-04-12;La fecha mas reciente de la imagen es: 2019-07-06;La fecha del tweet es: 2019-07-15;Hay 2285 dias de diferencia respecto a la fecha mas antigua;Hay 9 dias de diferencia respecto a la fecha mas reciente;La imagen es falsa con un porcentaje de un 10 %
Cuenta: CNN; Imagen buscada: https://pbs.twimg.com/media/D_gOUziXYAA7yZv.jpg;URL del tweet: https://twitter.com/CNN/status/1150685457023418368;Cuenta verificada: Cuenta verificada;La fecha mas antigua de la imagen es: 2005-08-27;La fecha mas reciente de la imagen es: 2019-07-01;La fecha del tweet es: 2019-07-15;Hay 5070 dias de diferencia respecto a la fecha mas antigua;Hay 14 dias de diferencia respecto a la fecha mas reciente;La imagen es falsa con un porcentaje de un 10 %
Cuenta: CNN; Imagen buscada: https://pbs.twimg.com/media/D_gILeZXoAAV6MY.jpg;URL del tweet: https://twitter.com/CNN/status/1150678699693551618;Cuenta verificada: Cuenta verificada;La fecha mas antigua de la imagen es: 2017-04-01;La fecha mas reciente de la imagen es: 2019-07-01;La fecha del tweet es: 2019-07-15;Hay 835 dias de diferencia respecto a la fecha mas antigua;Hay 14 dias de diferencia respecto a la fecha mas reciente;La imagen es falsa con un porcentaje de un 30 %
Cuenta: CNN; Imagen buscada: https://pbs.twimg.com/media/D_gEDkiW4AAUDNB.jpg;URL del tweet: https://twitter.com/CNN/status/1150674165986463745;Cuenta verificada: Cuenta verificada;La fecha mas antigua de la imagen es: 2006-11-15;La fecha mas reciente de la imagen es: 2019-07-06;La fecha del tweet es: 2019-07-15;Hay 4624 dias de diferencia respecto a la fecha mas antigua;Hay 9 dias de diferencia respecto a la fecha mas reciente;La imagen es falsa con un porcentaje de un 10 %
Cuenta: CNN; Imagen buscada: https://pbs.twimg.com/media/D_gALo1XYAAp_1Y.jpg;URL del tweet: https://twitter.com/CNN/status/1150669906532339715;Cuenta verificada: Cuenta verificada;La fecha mas antigua de la imagen es: 2007-10-18;La fecha mas reciente de la imagen es: 2019-06-18;La fecha del tweet es: 2019-07-15;Hay 4288 dias de diferencia respecto a la fecha mas antigua;Hay 27 dias de diferencia respecto a la fecha mas reciente;La imagen es falsa con un porcentaje de un 10 %
Cuenta: CNN; Imagen buscada: https://pbs.twimg.com/media/D_f8B3vW4AI0evV.jpg;URL del tweet: https://twitter.com/CNN/status/1150665340327813120;Cuenta verificada: Cuenta verificada;La fecha mas antigua de la imagen es: 2012-02-20;La fecha mas reciente de la imagen es: 2019-07-12;La fecha del tweet es: 2019-07-15;Hay 2701 dias de diferencia respecto a la fecha mas antigua;Hay 3 dias de diferencia respecto a la fecha mas reciente;La imagen es falsa con un porcentaje de un 10 %
Cuenta: CNN; Imagen buscada: https://pbs.twimg.com/media/D_f3TTsW4AApRuG.jpg;URL del tweet: https://twitter.com/CNN/status/1150660142788165632;Cuenta verificada: Cuenta verificada;La fecha mas antigua de la imagen es: 2006-11-15;La fecha mas reciente de la imagen es: 2019-07-06;La fecha del tweet es: 2019-07-15;Hay 4624 dias de diferencia respecto a la fecha mas antigua;Hay 9 dias de diferencia respecto a la fecha mas reciente;La imagen es falsa con un porcentaje de un 10 %
Cuenta: CNN; Imagen buscada: https://pbs.twimg.com/media/D_fwgyzWkAAAlb_.jpg;URL del tweet: https://twitter.com/CNN/status/1150652677514301440;Cuenta verificada: Cuenta verificada;La fecha mas antigua de la imagen es: 2010-12-19;La fecha mas reciente de la imagen es: 2019-06-28;La fecha del tweet es: 2019-07-15;Hay 3129 dias de diferencia respecto a la fecha mas antigua;Hay 17 dias de diferencia respecto a la fecha mas reciente;La imagen es falsa con un porcentaje de un 10 %
Cuenta: CNN; Imagen buscada: https://pbs.twimg.com/media/D_fumxOXYAApvAV.jpg;URL del tweet: https://twitter.com/CNN/status/1150650580962070528;Cuenta verificada: Cuenta verificada;La fecha mas antigua de la imagen es: 2009-10-26;La fecha mas reciente de la imagen es: 2019-07-01;La fecha del tweet es: 2019-07-15;Hay 3548 dias de diferencia respecto a la fecha mas antigua;Hay 14 dias de diferencia respecto a la fecha mas reciente;La imagen es falsa con un porcentaje de un 30 %
Cuenta: CNN; Imagen buscada: https://pbs.twimg.com/media/D_fsfNDX4AAWm4q.jpg;URL del tweet: https://twitter.com/CNN/status/1150648252204822529;Cuenta verificada: Cuenta verificada;La fecha mas antigua de la imagen es: 2001-01-01;La fecha mas reciente de la imagen es: 2019-07-01;La fecha del tweet es: 2019-07-15;Hay 6768 dias de diferencia respecto a la fecha mas antigua;Hay 14 dias de diferencia respecto a la fecha mas reciente;La imagen es falsa con un porcentaje de un 10 %
Cuenta: CNN; Imagen buscada: https://pbs.twimg.com/media/D_fqWT7XYAEqlQ7.jpg;URL del tweet: https://twitter.com/CNN/status/1150645900450177024;Cuenta verificada: Cuenta verificada;La fecha mas antigua de la imagen es: 2011-06-30;La fecha mas reciente de la imagen es: 2019-07-06;La fecha del tweet es: 2019-07-15;Hay 2937 dias de diferencia respecto a la fecha mas antigua;Hay 9 dias de diferencia respecto a la fecha mas reciente;La imagen es falsa con un porcentaje de un 10 %
Cuenta: CNN; Imagen buscada: https://pbs.twimg.com/media/D_fogGYXoAA8141.jpg;URL del tweet: https://twitter.com/CNN/status/1150643869400387586;Cuenta verificada: Cuenta verificada;La fecha mas antigua de la imagen es: 2001-01-01;La fecha mas reciente de la imagen es: 2019-07-03;La fecha del tweet es: 2019-07-15;Hay 6768 dias de diferencia respecto a la fecha mas antigua;Hay 12 dias de diferencia respecto a la fecha mas reciente;La imagen es falsa con un porcentaje de un 10 %
Cuenta: CNN; Imagen buscada: https://pbs.twimg.com/media/D_fmpcwXUAAV1Im.jpg;URL del tweet: https://twitter.com/CNN/status/1150641831253856256;Cuenta verificada: Cuenta verificada;La fecha mas antigua de la imagen es: 2001-01-01;La fecha mas reciente de la imagen es: 2019-06-28;La fecha del tweet es: 2019-07-15;Hay 6768 dias de diferencia respecto a la fecha mas antigua;Hay 17 dias de diferencia respecto a la fecha mas reciente;La imagen es falsa con un porcentaje de un 10 %
Cuenta: CNN; Imagen buscada: https://pbs.twimg.com/media/D_flZ9YXUAAhpEE.jpg;URL del tweet: https://twitter.com/CNN/status/1150640467643699200;Cuenta verificada: Cuenta verificada;La fecha mas antigua de la imagen es: 2001-01-01;La fecha mas reciente de la imagen es: 2019-07-09;La fecha del tweet es: 2019-07-15;Hay 6768 dias de diferencia respecto a la fecha mas antigua;Hay 6 dias de diferencia respecto a la fecha mas reciente;La imagen es falsa con un porcentaje de un 10 %
Cuenta: CNN; Imagen buscada: https://pbs.twimg.com/media/D_fjlQ0XYAA1LkC.jpg;URL del tweet: https://twitter.com/CNN/status/1150638464746082304;Cuenta verificada: Cuenta verificada;La fecha mas antigua de la imagen es: 2008-07-18;La fecha mas reciente de la imagen es: 2019-07-02;La fecha del tweet es: 2019-07-15;Hay 4014 dias de diferencia respecto a la fecha mas antigua;Hay 13 dias de diferencia respecto a la fecha mas reciente;La imagen es falsa con un porcentaje de un 10 %
Cuenta: CNN; Imagen buscada: https://pbs.twimg.com/media/D_ffhQQXkAAZbsM.jpg;URL del tweet: https://twitter.com/CNN/status/1150633993802530816;Cuenta verificada: Cuenta verificada;La fecha mas antigua de la imagen es: 2015-08-17;La fecha mas reciente de la imagen es: 2019-07-08;La fecha del tweet es: 2019-07-15;Hay 1428 dias de diferencia respecto a la fecha mas antigua;Hay 7 dias de diferencia respecto a la fecha mas reciente;La imagen es falsa con un porcentaje de un 10 %
Cuenta: CNN; Imagen buscada: https://pbs.twimg.com/media/D_fddtVX4AAGlqU.jpg;URL del tweet: https://twitter.com/CNN/status/1150631733840228352;Cuenta verificada: Cuenta verificada;La fecha mas antigua de la imagen es: 2010-02-06;La fecha mas reciente de la imagen es: 2019-07-05;La fecha del tweet es: 2019-07-15;Hay 3445 dias de diferencia respecto a la fecha mas antigua;Hay 10 dias de diferencia respecto a la fecha mas reciente;La imagen es falsa con un porcentaje de un 10 %
Cuenta: CNN; Imagen buscada: https://pbs.twimg.com/media/D_fXROcXUAAskQL.jpg;URL del tweet: https://twitter.com/CNN/status/1150624922219233280;Cuenta verificada: Cuenta verificada;La fecha mas antigua de la imagen es: 2001-01-01;La fecha mas reciente de la imagen es: 2019-07-02;La fecha del tweet es: 2019-07-15;Hay 6768 dias de diferencia respecto a la fecha mas antigua;Hay 13 dias de diferencia respecto a la fecha mas reciente;La imagen es falsa con un porcentaje de un 10 %
Cuenta: CNN; Imagen buscada: https://pbs.twimg.com/media/D_fWDlRXYAAbNUu.jpg;URL del tweet: https://twitter.com/CNN/status/1150623588355072005;Cuenta verificada: Cuenta verificada;La fecha mas antigua de la imagen es: 2011-02-09;La fecha mas reciente de la imagen es: 2019-07-07;La fecha del tweet es: 2019-07-15;Hay 3077 dias de diferencia respecto a la fecha mas antigua;Hay 8 dias de diferencia respecto a la fecha mas reciente;La imagen es falsa con un porcentaje de un 10 %
Cuenta: CNN; Imagen buscada: https://pbs.twimg.com/media/D_fTmQJXoAAYzet.jpg;URL del tweet: https://twitter.com/CNN/status/1150620885658869761;Cuenta verificada: Cuenta verificada;La fecha mas antigua de la imagen es: 2016-05-26;La fecha mas reciente de la imagen es: 2019-07-01;La fecha del tweet es: 2019-07-15;Hay 1145 dias de diferencia respecto a la fecha mas antigua;Hay 14 dias de diferencia respecto a la fecha mas reciente;La imagen es falsa con un porcentaje de un 10 %
Cuenta: CNN; Imagen buscada: https://pbs.twimg.com/media/D_fADGfWsAALwGB.jpg;URL del tweet: https://twitter.com/CNN/status/1150599394611404801;Cuenta verificada: Cuenta verificada;La fecha mas antigua de la imagen es: 2008-07-18;La fecha mas reciente de la imagen es: 2019-07-02;La fecha del tweet es: 2019-07-15;Hay 4014 dias de diferencia respecto a la fecha mas antigua;Hay 13 dias de diferencia respecto a la fecha mas reciente;La imagen es falsa con un porcentaje de un 10 %
Cuenta: CNN; Imagen buscada: https://pbs.twimg.com/media/D_ezrqbXoAAATJ3.jpg;URL del tweet: https://twitter.com/CNN/status/1150585794505170944;Cuenta verificada: Cuenta verificada;La fecha mas antigua de la imagen es: 2006-11-15;La fecha mas reciente de la imagen es: 2019-07-06;La fecha del tweet es: 2019-07-15;Hay 4624 dias de diferencia respecto a la fecha mas antigua;Hay 9 dias de diferencia respecto a la fecha mas reciente;La imagen es falsa con un porcentaje de un 10 %
Cuenta: CNN; Imagen buscada: https://pbs.twimg.com/media/D_ewQDJW4AAl5pt.jpg;URL del tweet: https://twitter.com/CNN/status/1150582021149921282;Cuenta verificada: Cuenta verificada;La fecha mas antigua de la imagen es: 2012-02-14;La fecha mas reciente de la imagen es: 2019-07-04;La fecha del tweet es: 2019-07-15;Hay 2707 dias de diferencia respecto a la fecha mas antigua;Hay 11 dias de diferencia respecto a la fecha mas reciente;La imagen es falsa con un porcentaje de un 10 %
Cuenta: CNN; Imagen buscada: https://pbs.twimg.com/media/D_es1drWsAIYIYH.jpg;URL del tweet: https://twitter.com/CNN/status/1150578266056613894;Cuenta verificada: Cuenta verificada;La fecha mas antigua de la imagen es: 2006-11-15;La fecha mas reciente de la imagen es: 2019-07-06;La fecha del tweet es: 2019-07-15;Hay 4624 dias de diferencia respecto a la fecha mas antigua;Hay 9 dias de diferencia respecto a la fecha mas reciente;La imagen es falsa con un porcentaje de un 10 %
Cuenta: CNN; Imagen buscada: https://pbs.twimg.com/media/D_erabyXYAAv7fr.jpg;URL del tweet: https://twitter.com/CNN/status/1150576701883277312;Cuenta verificada: Cuenta verificada;La fecha mas antigua de la imagen es: 2010-02-06;La fecha mas reciente de la imagen es: 2019-07-05;La fecha del tweet es: 2019-07-15;Hay 3445 dias de diferencia respecto a la fecha mas antigua;Hay 10 dias de diferencia respecto a la fecha mas reciente;La imagen es falsa con un porcentaje de un 10 %
Cuenta: CNN; Imagen buscada: https://pbs.twimg.com/media/D_epYPHX4AIFC3G.jpg;URL del tweet: https://twitter.com/CNN/status/1150574465396461568;Cuenta verificada: Cuenta verificada;La fecha mas antigua de la imagen es: 2011-06-02;La fecha mas reciente de la imagen es: 2019-07-04;La fecha del tweet es: 2019-07-15;Hay 2965 dias de diferencia respecto a la fecha mas antigua;Hay 11 dias de diferencia respecto a la fecha mas reciente;La imagen es falsa con un porcentaje de un 10 %
Cuenta: CNN; Imagen buscada: https://pbs.twimg.com/media/D_efGK7W4AA2zgf.jpg;URL del tweet: https://twitter.com/CNN/status/1150563159750643713;Cuenta verificada: Cuenta verificada;La fecha mas antigua de la imagen es: 2013-04-12;La fecha mas reciente de la imagen es: 2019-07-06;La fecha del tweet es: 2019-07-15;Hay 2285 dias de diferencia respecto a la fecha mas antigua;Hay 9 dias de diferencia respecto a la fecha mas reciente;La imagen es falsa con un porcentaje de un 10 %
Cuenta: CNN; Imagen buscada: https://pbs.twimg.com/media/D_ebpIxXUAMW8GX.jpg;URL del tweet: https://twitter.com/CNN/status/1150559362609496065;Cuenta verificada: Cuenta verificada;La fecha mas antigua de la imagen es: 2001-01-01;La fecha mas reciente de la imagen es: 2019-07-05;La fecha del tweet es: 2019-07-15;Hay 6768 dias de diferencia respecto a la fecha mas antigua;Hay 10 dias de diferencia respecto a la fecha mas reciente;La imagen es falsa con un porcentaje de un 10 %
Cuenta: CNN; Imagen buscada: https://pbs.twimg.com/media/D_eYOluXYAAewTq.jpg;URL del tweet: https://twitter.com/CNN/status/1150555607797252096;Cuenta verificada: Cuenta verificada;La fecha mas antigua de la imagen es: 2001-01-01;La fecha mas reciente de la imagen es: 2019-07-05;La fecha del tweet es: 2019-07-15;Hay 6768 dias de diferencia respecto a la fecha mas antigua;Hay 10 dias de diferencia respecto a la fecha mas reciente;La imagen es falsa con un porcentaje de un 30 %
Cuenta: CNN; Imagen buscada: https://pbs.twimg.com/media/D_eUx5eWkAA6p-r.jpg;URL del tweet: https://twitter.com/CNN/status/1150551816431648768;Cuenta verificada: Cuenta verificada;La fecha mas antigua de la imagen es: 2017-04-01;La fecha mas reciente de la imagen es: 2019-07-01;La fecha del tweet es: 2019-07-15;Hay 835 dias de diferencia respecto a la fecha mas antigua;Hay 14 dias de diferencia respecto a la fecha mas reciente;La imagen es falsa con un porcentaje de un 30 %
Cuenta: CNN; Imagen buscada: https://pbs.twimg.com/media/D_eRXeIWwAgm2SS.jpg;URL del tweet: https://twitter.com/CNN/status/1150548064047947776;Cuenta verificada: Cuenta verificada;La fecha mas antigua de la imagen es: 2001-01-01;La fecha mas reciente de la imagen es: 2019-06-28;La fecha del tweet es: 2019-07-15;Hay 6768 dias de diferencia respecto a la fecha mas antigua;Hay 17 dias de diferencia respecto a la fecha mas reciente;La imagen es falsa con un porcentaje de un 10 %
Cuenta: CNN; Imagen buscada: https://pbs.twimg.com/media/D_eN6l8W4AQjqy4.jpg;URL del tweet: https://twitter.com/CNN/status/1150544269305929729;Cuenta verificada: Cuenta verificada;La fecha mas antigua de la imagen es: 2001-01-01;La fecha mas reciente de la imagen es: 2019-06-27;La fecha del tweet es: 2019-07-15;Hay 6768 dias de diferencia respecto a la fecha mas antigua;Hay 18 dias de diferencia respecto a la fecha mas reciente;La imagen es falsa con un porcentaje de un 10 %
Cuenta: CNN; Imagen buscada: https://pbs.twimg.com/media/D_eKfd-XoAEj_u3.jpg;URL del tweet: https://twitter.com/CNN/status/1150540504829976577;Cuenta verificada: Cuenta verificada;La fecha mas antigua de la imagen es: 2001-01-01;La fecha mas reciente de la imagen es: 2019-06-30;La fecha del tweet es: 2019-07-15;Hay 6768 dias de diferencia respecto a la fecha mas antigua;Hay 15 dias de diferencia respecto a la fecha mas reciente;La imagen es falsa con un porcentaje de un 10 %
Cuenta: CNN; Imagen buscada: https://pbs.twimg.com/media/D_eHDPQXoAA1fGm.jpg;URL del tweet: https://twitter.com/CNN/status/1150536720947064839;Cuenta verificada: Cuenta verificada;La fecha mas antigua de la imagen es: 2001-01-01;La fecha mas reciente de la imagen es: 2019-07-03;La fecha del tweet es: 2019-07-15;Hay 6768 dias de diferencia respecto a la fecha mas antigua;Hay 12 dias de diferencia respecto a la fecha mas reciente;La imagen es falsa con un porcentaje de un 10 %
Cuenta: CNN; Imagen buscada: https://pbs.twimg.com/media/D_eDo8BXsAIY06n.jpg;URL del tweet: https://twitter.com/CNN/status/1150532970584977408;Cuenta verificada: Cuenta verificada;La fecha mas antigua de la imagen es: 2001-01-01;La fecha mas reciente de la imagen es: 2019-07-09;La fecha del tweet es: 2019-07-15;Hay 6768 dias de diferencia respecto a la fecha mas antigua;Hay 6 dias de diferencia respecto a la fecha mas reciente;La imagen es falsa con un porcentaje de un 10 %
Cuenta: CNN; Imagen buscada: https://pbs.twimg.com/media/D_eAMm9WkAITQwQ.jpg;URL del tweet: https://twitter.com/CNN/status/1150529185787633665;Cuenta verificada: Cuenta verificada;La fecha mas antigua de la imagen es: 2015-08-17;La fecha mas reciente de la imagen es: 2019-07-08;La fecha del tweet es: 2019-07-15;Hay 1428 dias de diferencia respecto a la fecha mas antigua;Hay 7 dias de diferencia respecto a la fecha mas reciente;La imagen es falsa con un porcentaje de un 10 %
Cuenta: CNN; Imagen buscada: https://pbs.twimg.com/media/D_d8xn8XUAAh2NS.jpg;URL del tweet: https://twitter.com/CNN/status/1150525423324925952;Cuenta verificada: Cuenta verificada;La fecha mas antigua de la imagen es: 2011-10-20;La fecha mas reciente de la imagen es: 2019-07-01;La fecha del tweet es: 2019-07-15;Hay 2825 dias de diferencia respecto a la fecha mas antigua;Hay 14 dias de diferencia respecto a la fecha mas reciente;La imagen es falsa con un porcentaje de un 10 %
Cuenta: CNN; Imagen buscada: https://pbs.twimg.com/media/D_d5UAtWwAEuhY1.jpg;URL del tweet: https://twitter.com/CNN/status/1150521616520101891;Cuenta verificada: Cuenta verificada;La fecha mas antigua de la imagen es: 2001-01-01;La fecha mas reciente de la imagen es: 2019-07-01;La fecha del tweet es: 2019-07-14;Hay 6767 dias de diferencia respecto a la fecha mas antigua;Hay 13 dias de diferencia respecto a la fecha mas reciente;La imagen es falsa con un porcentaje de un 10 %
Cuenta: CNN; Imagen buscada: https://pbs.twimg.com/media/D_d163qWkAYJ5n-.jpg;URL del tweet: https://twitter.com/CNN/status/1150517885615464448;Cuenta verificada: Cuenta verificada;La fecha mas antigua de la imagen es: 2001-01-01;La fecha mas reciente de la imagen es: 2019-07-01;La fecha del tweet es: 2019-07-14;Hay 6767 dias de diferencia respecto a la fecha mas antigua;Hay 13 dias de diferencia respecto a la fecha mas reciente;La imagen es falsa con un porcentaje de un 10 %
Cuenta: CNN; Imagen buscada: https://pbs.twimg.com/media/D_dydJLW4AEl_cP.jpg;URL del tweet: https://twitter.com/CNN/status/1150514076637958144;Cuenta verificada: Cuenta verificada;La fecha mas antigua de la imagen es: 2010-03-18;La fecha mas reciente de la imagen es: 2019-06-24;La fecha del tweet es: 2019-07-14;Hay 3404 dias de diferencia respecto a la fecha mas antigua;Hay 20 dias de diferencia respecto a la fecha mas reciente;La imagen es falsa con un porcentaje de un 10 %
Cuenta: CNN; Imagen buscada: https://pbs.twimg.com/media/D_drlTyXkAEkUhy.jpg;URL del tweet: https://twitter.com/CNN/status/1150506519890399232;Cuenta verificada: Cuenta verificada;La fecha mas antigua de la imagen es: 2007-10-18;La fecha mas reciente de la imagen es: 2019-06-18;La fecha del tweet es: 2019-07-14;Hay 4287 dias de diferencia respecto a la fecha mas antigua;Hay 26 dias de diferencia respecto a la fecha mas reciente;La imagen es falsa con un porcentaje de un 10 %
Cuenta: CNN; Imagen buscada: https://pbs.twimg.com/media/D_doKn8XoAY1oPb.jpg;URL del tweet: https://twitter.com/CNN/status/1150502763056500739;Cuenta verificada: Cuenta verificada;La fecha mas antigua de la imagen es: 2009-10-26;La fecha mas reciente de la imagen es: 2019-07-01;La fecha del tweet es: 2019-07-14;Hay 3547 dias de diferencia respecto a la fecha mas antigua;Hay 13 dias de diferencia respecto a la fecha mas reciente;La imagen es falsa con un porcentaje de un 30 %
Cuenta: CNN; Imagen buscada: https://pbs.twimg.com/media/D_dkuQmWsAEiFl0.jpg;URL del tweet: https://twitter.com/CNN/status/1150498977651015687;Cuenta verificada: Cuenta verificada;La fecha mas antigua de la imagen es: 2010-02-10;La fecha mas reciente de la imagen es: 2019-07-04;La fecha del tweet es: 2019-07-14;Hay 3440 dias de diferencia respecto a la fecha mas antigua;Hay 10 dias de diferencia respecto a la fecha mas reciente;La imagen es falsa con un porcentaje de un 10 %
Cuenta: CNN; Imagen buscada: https://pbs.twimg.com/media/D_dhUzwXUAEbxtY.jpg;URL del tweet: https://twitter.com/CNN/status/1150495241297940480;Cuenta verificada: Cuenta verificada;La fecha mas antigua de la imagen es: 2005-08-27;La fecha mas reciente de la imagen es: 2019-07-01;La fecha del tweet es: 2019-07-14;Hay 5069 dias de diferencia respecto a la fecha mas antigua;Hay 13 dias de diferencia respecto a la fecha mas reciente;La imagen es falsa con un porcentaje de un 10 %
Cuenta: CNN; Imagen buscada: https://pbs.twimg.com/media/D_dd2pcXoAA-Roe.jpg;URL del tweet: https://twitter.com/CNN/status/1150491425408212992;Cuenta verificada: Cuenta verificada;La fecha mas antigua de la imagen es: 2001-01-01;La fecha mas reciente de la imagen es: 2019-06-30;La fecha del tweet es: 2019-07-14;Hay 6767 dias de diferencia respecto a la fecha mas antigua;Hay 14 dias de diferencia respecto a la fecha mas reciente;La imagen es falsa con un porcentaje de un 10 %
Cuenta: CNN; Imagen buscada: https://pbs.twimg.com/media/D_dacgIWsAgqzij.jpg;URL del tweet: https://twitter.com/CNN/status/1150487677076217856;Cuenta verificada: Cuenta verificada;La fecha mas antigua de la imagen es: 2011-06-30;La fecha mas reciente de la imagen es: 2019-07-06;La fecha del tweet es: 2019-07-14;Hay 2936 dias de diferencia respecto a la fecha mas antigua;Hay 8 dias de diferencia respecto a la fecha mas reciente;La imagen es falsa con un porcentaje de un 10 %
Cuenta: CNN; Imagen buscada: https://pbs.twimg.com/media/D_dW_SnX4AAZSGG.jpg;URL del tweet: https://twitter.com/CNN/status/1150483876634157056;Cuenta verificada: Cuenta verificada;La fecha mas antigua de la imagen es: 2001-01-01;La fecha mas reciente de la imagen es: 2019-07-02;La fecha del tweet es: 2019-07-14;Hay 6767 dias de diferencia respecto a la fecha mas antigua;Hay 12 dias de diferencia respecto a la fecha mas reciente;La imagen es falsa con un porcentaje de un 10 %
Cuenta: CNN; Imagen buscada: https://pbs.twimg.com/media/D_dT-J-XoAALlX8.jpg;URL del tweet: https://twitter.com/CNN/status/1150480558566313991;Cuenta verificada: Cuenta verificada;La fecha mas antigua de la imagen es: 2001-01-01;La fecha mas reciente de la imagen es: 2019-07-01;La fecha del tweet es: 2019-07-14;Hay 6767 dias de diferencia respecto a la fecha mas antigua;Hay 13 dias de diferencia respecto a la fecha mas reciente;La imagen es falsa con un porcentaje de un 10 %
Cuenta: CNN; Imagen buscada: https://pbs.twimg.com/media/D_dM6h7X4AEtPBl.jpg;URL del tweet: https://twitter.com/CNN/status/1150472800022515712;Cuenta verificada: Cuenta verificada;La fecha mas antigua de la imagen es: 2012-07-01;La fecha mas reciente de la imagen es: 2019-07-01;La fecha del tweet es: 2019-07-14;Hay 2569 dias de diferencia respecto a la fecha mas antigua;Hay 13 dias de diferencia respecto a la fecha mas reciente;La imagen es falsa con un porcentaje de un 10 %
Cuenta: CNN; Imagen buscada: https://pbs.twimg.com/media/D_dJPiUX4AEoICT.jpg;URL del tweet: https://twitter.com/CNN/status/1150468763126554634;Cuenta verificada: Cuenta verificada;La fecha mas antigua de la imagen es: 2016-04-04;La fecha mas reciente de la imagen es: 2019-06-01;La fecha del tweet es: 2019-07-14;Hay 1196 dias de diferencia respecto a la fecha mas antigua;Hay 43 dias de diferencia respecto a la fecha mas reciente;La imagen es falsa con un porcentaje de un 10 %
Cuenta: CNN; Imagen buscada: https://pbs.twimg.com/media/D_dF02pWsAAFXJI.jpg;URL del tweet: https://twitter.com/CNN/status/1150465005671915522;Cuenta verificada: Cuenta verificada;La fecha mas antigua de la imagen es: 2001-01-01;La fecha mas reciente de la imagen es: 2019-07-03;La fecha del tweet es: 2019-07-14;Hay 6767 dias de diferencia respecto a la fecha mas antigua;Hay 11 dias de diferencia respecto a la fecha mas reciente;La imagen es falsa con un porcentaje de un 10 %
Cuenta: CNN; Imagen buscada: https://pbs.twimg.com/media/D_dCYSOXUAAYKC_.jpg;URL del tweet: https://twitter.com/CNN/status/1150461216508301312;Cuenta verificada: Cuenta verificada;La fecha mas antigua de la imagen es: 2010-02-02;La fecha mas reciente de la imagen es: 2019-07-04;La fecha del tweet es: 2019-07-14;Hay 3448 dias de diferencia respecto a la fecha mas antigua;Hay 10 dias de diferencia respecto a la fecha mas reciente;La imagen es falsa con un porcentaje de un 10 %
Cuenta: CNN; Imagen buscada: https://pbs.twimg.com/media/D_c-8yAXsAICQbW.jpg;URL del tweet: https://twitter.com/CNN/status/1150457445631909888;Cuenta verificada: Cuenta verificada;La fecha mas antigua de la imagen es: 2001-01-01;La fecha mas reciente de la imagen es: 2019-06-29;La fecha del tweet es: 2019-07-14;Hay 6767 dias de diferencia respecto a la fecha mas antigua;Hay 15 dias de diferencia respecto a la fecha mas reciente;La imagen es falsa con un porcentaje de un 10 %
Cuenta: CNN; Imagen buscada: https://pbs.twimg.com/media/D_c7iC9XoAAMpMg.jpg;URL del tweet: https://twitter.com/CNN/status/1150453687464136704;Cuenta verificada: Cuenta verificada;La fecha mas antigua de la imagen es: 2001-01-01;La fecha mas reciente de la imagen es: 2019-07-10;La fecha del tweet es: 2019-07-14;Hay 6767 dias de diferencia respecto a la fecha mas antigua;Hay 4 dias de diferencia respecto a la fecha mas reciente;La imagen es falsa con un porcentaje de un 10 %
Cuenta: CNN; Imagen buscada: https://pbs.twimg.com/media/D_c4GeNX4AEzYZl.jpg;URL del tweet: https://twitter.com/CNN/status/1150449915245604864;Cuenta verificada: Cuenta verificada;La fecha mas antigua de la imagen es: 2012-02-20;La fecha mas reciente de la imagen es: 2019-07-12;La fecha del tweet es: 2019-07-14;Hay 2700 dias de diferencia respecto a la fecha mas antigua;Hay 2 dias de diferencia respecto a la fecha mas reciente;La imagen es falsa con un porcentaje de un 10 %
Cuenta: CNN; Imagen buscada: https://pbs.twimg.com/media/D_c0q3QWsAESMkt.jpg;URL del tweet: https://twitter.com/CNN/status/1150446142339080192;Cuenta verificada: Cuenta verificada;La fecha mas antigua de la imagen es: 2016-05-26;La fecha mas reciente de la imagen es: 2019-07-01;La fecha del tweet es: 2019-07-14;Hay 1144 dias de diferencia respecto a la fecha mas antigua;Hay 13 dias de diferencia respecto a la fecha mas reciente;La imagen es falsa con un porcentaje de un 10 %
Cuenta: CNN; Imagen buscada: https://pbs.twimg.com/media/D_cxPF6XsAIs71C.jpg;URL del tweet: https://twitter.com/CNN/status/1150442366865760256;Cuenta verificada: Cuenta verificada;La fecha mas antigua de la imagen es: 2017-01-06;La fecha mas reciente de la imagen es: 2019-07-07;La fecha del tweet es: 2019-07-14;Hay 918 dias de diferencia respecto a la fecha mas antigua;Hay 7 dias de diferencia respecto a la fecha mas reciente;La imagen es falsa con un porcentaje de un 10 %
Cuenta: CNN; Imagen buscada: https://pbs.twimg.com/media/D_ctyCmXoAAj6Ev.jpg;URL del tweet: https://twitter.com/CNN/status/1150438569133137921;Cuenta verificada: Cuenta verificada;La fecha mas antigua de la imagen es: 2010-12-19;La fecha mas reciente de la imagen es: 2019-06-28;La fecha del tweet es: 2019-07-14;Hay 3128 dias de diferencia respecto a la fecha mas antigua;Hay 16 dias de diferencia respecto a la fecha mas reciente;La imagen es falsa con un porcentaje de un 10 %
Cuenta: CNN; Imagen buscada: https://pbs.twimg.com/media/D_cqWsHXoAkV_UJ.jpg;URL del tweet: https://twitter.com/CNN/status/1150434800790134785;Cuenta verificada: Cuenta verificada;La fecha mas antigua de la imagen es: 2011-02-09;La fecha mas reciente de la imagen es: 2019-07-07;La fecha del tweet es: 2019-07-14;Hay 3076 dias de diferencia respecto a la fecha mas antigua;Hay 7 dias de diferencia respecto a la fecha mas reciente;La imagen es falsa con un porcentaje de un 10 %
Cuenta: CNN; Imagen buscada: https://pbs.twimg.com/media/D_bYo5XXYAEeUCe.jpg;URL del tweet: https://twitter.com/CNN/status/1150344953949753344;Cuenta verificada: Cuenta verificada;La fecha mas antigua de la imagen es: 2001-01-01;La fecha mas reciente de la imagen es: 2019-07-07;La fecha del tweet es: 2019-07-14;Hay 6767 dias de diferencia respecto a la fecha mas antigua;Hay 7 dias de diferencia respecto a la fecha mas reciente;La imagen es falsa con un porcentaje de un 10 %
Cuenta: CNN; Imagen buscada: https://pbs.twimg.com/media/D_aTTOiXkAETUID.jpg;URL del tweet: https://twitter.com/CNN/status/1150268715008757760;Cuenta verificada: Cuenta verificada;La fecha mas antigua de la imagen es: 2001-01-01;La fecha mas reciente de la imagen es: 2019-07-03;La fecha del tweet es: 2019-07-14;Hay 6767 dias de diferencia respecto a la fecha mas antigua;Hay 11 dias de diferencia respecto a la fecha mas reciente;La imagen es falsa con un porcentaje de un 10 %